data,data_dados,confirmados,confirmados_novos,recuperados,obitos,internados,internados_uci,suspeitos,vigilancia,inc,r_t,R_Wert,data2
26-02-2020,26-02-2020 00:00,0,0,0,0,,,25,,,,,2020-02-26
27-02-2020,27-02-2020 00:00,0,0,0,0,,,51,,,,,2020-02-27
28-02-2020,28-02-2020 00:00,0,0,0,0,,,59,,,,,2020-02-28
29-02-2020,29-02-2020 00:00,0,0,0,0,,,70,,,,,2020-02-29
01-03-2020,01-03-2020 00:00,0,0,0,0,,,85,,,,,2020-03-01
02-03-2020,02-03-2020 00:00,2,2,0,0,,,85,,,,,2020-03-02
03-03-2020,03-03-2020 16:00,4,2,0,0,,,101,,,,,2020-03-03
04-03-2020,04-03-2020 17:00,6,2,0,0,,,117,81,,,Inf,2020-03-04
05-03-2020,05-03-2020 17:00,9,3,0,0,9,,147,213,,,Inf,2020-03-05
06-03-2020,06-03-2020 17:00,13,4,0,0,13,,181,354,,,5.5,2020-03-06
07-03-2020,07-03-2020 17:00,21,8,0,0,21,,224,412,,,4.25,2020-03-07
08-03-2020,08-03-2020 17:30,30,9,0,0,30,,281,447,,5,4,2020-03-08
09-03-2020,09-03-2020 18:45,39,9,0,0,38,,339,496,,4.11111111111111,3.33,2020-03-09
10-03-2020,10-03-2020 10:00,41,2,0,0,40,,375,667,0.39821641780245,2.84615384615385,2.55,2020-03-10
11-03-2020,11-03-2020 00:00,59,18,0,0,57,,471,3066,0.573043137813281,2.52380952380952,2.24,2020-03-11
12-03-2020,12-03-2020 00:00,78,19,0,0,69,,637,4923,0.75758245338027,2.3,2,2020-03-12
13-03-2020,13-03-2020 00:00,112,34,0,0,107,,1308,5674,1.08781070228962,2.67567567567568,2.43,2020-03-13
14-03-2020,14-03-2020 00:00,169,57,1,0,114,10,1704,5011,1.64142864899058,4,4.57,2020-03-14
15-03-2020,15-03-2020 00:00,245,76,2,0,139,9,2271,4592,2.37958591125854,4.05660377358491,4.89,2020-03-15
16-03-2020,16-03-2020 00:00,331,86,3,0,139,18,2908,4592,3.19544393797575,4.23188405797101,5.27,2020-03-16
17-03-2020,17-03-2020 00:00,448,117,3,1,206,17,4030,6852,4.31239242693384,4.11111111111111,4.6,2020-03-17
18-03-2020,18-03-2020 00:00,642,194,3,1,89,20,5067,6656,6.17721077371605,3.93918918918919,3.7,2020-03-18
19-03-2020,19-03-2020 00:00,785,143,3,3,89,20,6061,8091,7.53697415157807,3.28837209302326,2.9,2020-03-19
20-03-2020,20-03-2020 00:00,1020,235,5,6,126,26,7732,9008,9.78058372505041,3.10958904109589,2.72,2020-03-20
21-03-2020,21-03-2020 00:00,1280,260,5,12,156,35,9854,13155,12.228157805202,2.72972972972973,2.48,2020-03-21
22-03-2020,22-03-2020 00:00,1600,320,5,14,169,41,11779,12562,15.248775023167,2.32418524871355,2.03,2020-03-22
23-03-2020,23-03-2020 00:00,2060,460,14,23,201,47,13674,11842,19.6291556189939,2.44554455445545,2.36,2020-03-23
24-03-2020,24-03-2020 00:00,2362,302,22,33,203,48,15474,11842,22.5429342858411,2.1079295154185,1.95,2020-03-24
25-03-2020,25-03-2020 00:00,2995,633,22,43,276,61,21155,13624,28.5161805528779,2.11791179117912,2.06,2020-03-25
26-03-2020,26-03-2020 00:00,3544,549,43,60,191,61,22257,14994,33.6638561976412,2.03616236162362,2.03,2020-03-26
27-03-2020,27-03-2020 00:00,4268,724,43,76,354,71,25431,19816,40.3655471313898,1.87854251012146,1.73,2020-03-27
28-03-2020,28-03-2020 00:00,5170,902,43,100,418,89,32754,19927,48.5726903763427,2.03239289446186,2.09,2020-03-28
29-03-2020,29-03-2020 00:00,5962,792,43,119,486,138,38042,17785,55.5269087945513,1.85380365490863,1.73,2020-03-29
30-03-2020,30-03-2020 00:00,6408,446,43,140,571,164,44206,11482,59.0234431947679,1.57593330916999,1.47,2020-03-30
31-03-2020,31-03-2020 00:00,7443,1035,43,160,627,188,52086,19260,67.9396059153203,1.56434729064039,1.44,2020-03-31
01-04-2020,01-04-2020 00:00,8251,808,43,187,726,230,59457,20275,73.9031395868009,1.35115681233933,1.1,2020-04-01
02-04-2020,02-04-2020 00:00,9034,783,68,209,1042,240,66895,21798,80.1192007427416,1.2585969738652,1.04,2020-04-02
03-04-2020,03-04-2020 00:00,9886,852,68,246,1058,245,74377,22556,86.1118722008907,1.29208831646734,1.21,2020-04-03
04-04-2020,04-04-2020 00:00,10524,638,75,266,1075,251,81087,22858,89.7832333211181,1.05372958079118,0.97,2020-04-04
05-04-2020,05-04-2020 00:00,11278,754,75,295,1084,267,86370,23209,93.9984997924904,1.01141552511416,0.98,2020-04-05
06-04-2020,06-04-2020 00:00,11730,452,140,311,1099,270,91794,23470,93.9207990280411,0.969398907103825,0.88,2020-04-06
07-04-2020,07-04-2020 00:00,12442,712,184,345,1180,271,99730,25070,97.9029632060656,0.889818440726237,0.73,2020-04-07
08-04-2020,08-04-2020 00:00,13141,699,196,380,1211,245,104886,24481,98.543994512772,0.913335823683228,0.85,2020-04-08
09-04-2020,09-04-2020 00:00,13956,815,205,409,1173,241,115158,24708,101.12754493071,0.925884123401053,0.88,2020-04-09
10-04-2020,10-04-2020 00:00,15472,1516,233,435,1179,226,123564,25914,108.819920611186,1.04960541149944,1.39,2020-04-10
11-04-2020,11-04-2020 00:00,15987,515,266,470,1175,233,130300,25432,105.061146130954,1.09281856371274,1.39,2020-04-11
12-04-2020,12-04-2020 00:00,16585,598,277,504,1177,228,136243,25041,103.176902593059,1.08527607361963,1.32,2020-04-12
13-04-2020,13-04-2020 00:00,16934,349,277,535,1187,188,139184,26989,102.234780824112,1.05729378301503,1.11,2020-04-13
14-04-2020,14-04-2020 00:00,17448,514,347,567,1227,218,142514,23265,97.1745185393539,0.896168993913355,0.53,2020-04-14
15-04-2020,15-04-2020 00:00,18091,643,383,599,1200,208,150804,26144,95.5719402725879,0.906095551894563,0.59,2020-04-15
16-04-2020,16-04-2020 00:00,18841,750,493,629,1302,229,154727,26065,95.2514246192347,0.92048238175994,0.66,2020-04-16
17-04-2020,17-04-2020 00:00,19022,181,519,657,1284,222,158940,25456,88.7342730010531,0.682167563412759,0.7,2020-04-17
18-04-2020,18-04-2020 00:00,19685,663,610,687,1253,228,162711,25456,88.9770878899571,0.738713543747503,1.13,2020-04-18
19-04-2020,19-04-2020 00:00,20206,521,610,714,1243,224,187604,27947,86.7140531253724,0.731515151515152,1.01,2020-04-19
20-04-2020,20-04-2020 00:00,20863,657,610,735,1208,215,198353,30805,88.7051352143847,0.804298874104401,0.9,2020-04-20
21-04-2020,21-04-2020 00:00,21379,516,917,762,1172,213,202769,30646,86.8014664853778,1.10732394366197,1.13,2020-04-21
22-04-2020,22-04-2020 00:00,21982,603,1143,785,1146,207,210302,30646,85.8690573119867,1.05219037317469,1.03,2020-04-22
23-04-2020,23-04-2020 00:00,22353,371,1201,820,1095,204,219848,30342,81.5566648850529,0.969897818282243,1.02,2020-04-23
24-04-2020,24-04-2020 00:00,22797,444,1228,854,1068,188,227393,29621,71.1447624488523,0.960804275897175,0.96,2020-04-24
25-04-2020,25-04-2020 00:00,23271,474,1277,880,1040,186,231616,29932,70.7465460310498,0.912236072246248,0.8,2020-04-25
26-04-2020,26-04-2020 00:00,23683,412,1329,903,1005,182,236229,30453,68.9400032576046,0.893600616808019,0.74,2020-04-26
27-04-2020,27-04-2020 00:00,23846,163,1357,928,995,176,237390,30703,67.1334604841593,0.849373576309795,0.7,2020-04-27
28-04-2020,28-04-2020 00:00,24141,295,1389,948,936,172,238884,29559,65.0064020573608,0.731655629139073,0.69,2020-04-28
29-04-2020,29-04-2020 00:00,24324,183,1470,973,980,169,243474,29568,60.5386081015285,0.653095370886782,0.56,2020-04-29
30-04-2020,30-04-2020 00:00,24692,368,1519,989,968,172,247343,29467,56.8283965990764,0.67270635605407,0.59,2020-04-30
01-05-2020,01-05-2020 00:00,24987,295,1647,1007,892,154,250905,29756,57.9356324924783,0.734160241367751,0.76,2020-05-01
02-05-2020,02-05-2020 00:00,25190,203,1671,1023,855,150,252728,27895,53.467838536646,0.694786386676322,0.78,2020-05-02
03-05-2020,03-05-2020 00:00,25282,92,1689,1043,856,144,252889,25324,49.3011350430545,0.682749786507259,0.91,2020-05-03
04-05-2020,04-05-2020 00:00,25524,242,1712,1063,813,143,254510,25081,45.2704078872492,0.717400598546387,0.82,2020-05-04
05-05-2020,05-05-2020 00:00,25702,178,1743,1074,818,134,258488,25066,41.987550589268,0.712785388127854,0.63,2020-05-05
06-05-2020,06-05-2020 00:00,26182,480,2076,1089,838,136,262041,24579,40.7929013358607,0.968212610734758,0.95,2020-05-06
07-05-2020,07-05-2020 00:00,26715,533,2258,1105,874,135,265572,27318,42.3663418159582,1.26516572858036,1.5,2020-05-07
08-05-2020,08-05-2020 00:00,27268,553,2422,1114,842,127,269266,26829,43.4250147315793,1.35935637663886,2.1,2020-05-08
09-05-2020,09-05-2020 00:00,27406,138,2499,1126,815,120,272443,26667,40.1615826247105,1.41960281870596,2.38,2020-05-09
10-05-2020,10-05-2020 00:00,27581,175,2549,1135,797,112,274536,26344,37.8596974779012,1.23735199138859,1.41,2020-05-10
11-05-2020,11-05-2020 00:00,27679,98,2549,1144,805,112,276153,28307,37.228378766751,1.06524962926347,0.67,2020-05-11
12-05-2020,12-05-2020 00:00,27913,234,3013,1163,709,113,279933,27054,36.6359104378254,0.969311705392372,0.37,2020-05-12
13-05-2020,13-05-2020 00:00,28132,219,3182,1175,692,103,282961,26278,36.985563877847,0.879963898916967,0.43,2020-05-13
14-05-2020,14-05-2020 00:00,28319,187,3198,1184,680,108,286285,26082,35.2275840821826,0.69769464984776,0.53,2020-05-14
15-05-2020,15-05-2020 00:00,28583,264,3328,1190,673,112,289309,25792,34.9264936199417,0.610208816705336,0.94,2020-05-15
16-05-2020,16-05-2020 00:00,28810,227,3822,1203,657,115,292249,25419,35.1595959132894,0.635006784260516,1.39,2020-05-16
17-05-2020,17-05-2020 00:00,29036,226,4636,1218,649,108,294009,25640,36.4610837178145,0.746153846153846,1.25,2020-05-17
18-05-2020,18-05-2020 00:00,29209,173,6430,1231,628,105,295449,25360,35.7909146244397,0.953865336658354,1.21,2020-05-18
19-05-2020,19-05-2020 00:00,29432,223,6431,1247,629,101,298501,25487,36.2279814244668,1.15513307984791,0.94,2020-05-19
20-05-2020,20-05-2020 00:00,29660,228,6452,1263,609,93,301225,25281,33.7804073443151,1.08831908831909,0.95,2020-05-20
21-05-2020,21-05-2020 00:00,29912,252,6452,1277,608,92,303811,22741,31.0511679930349,1.09484536082474,0.97,2020-05-21
22-05-2020,22-05-2020 00:00,30200,288,7590,1289,576,84,306171,26198,28.4773301706532,1.05686274509804,1.11,2020-05-22
23-05-2020,23-05-2020 00:00,30471,271,7705,1302,550,80,308584,26130,29.7691053796221,1.09348255431205,1.22,2020-05-23
24-05-2020,24-05-2020 00:00,30623,152,17549,1316,536,78,309966,26328,29.5457156818305,1.03861256544503,1.13,2020-05-24
25-05-2020,25-05-2020 00:00,30788,165,17822,1330,531,72,311223,26449,30.1964595840931,0.991211550533584,1,2020-05-25
26-05-2020,26-05-2020 00:00,31007,219,18096,1342,513,71,313886,26392,30.0507706507507,0.974025974025974,0.81,2020-05-26
27-05-2020,27-05-2020 00:00,31292,285,18349,1356,510,66,316364,27141,30.6918019574571,0.982540638169777,0.79,2020-05-27
28-05-2020,28-05-2020 00:00,31596,304,18637,1369,512,65,318810,27563,31.8281756375275,1.06112161310649,1.01,2020-05-28
29-05-2020,29-05-2020 00:00,31946,350,18911,1383,529,66,321290,27917,32.663458855357,1.10576314122863,1.32,2020-05-29
30-05-2020,30-05-2020 00:00,32203,257,19186,1396,514,63,323663,28183,32.9548367220417,1.09968253968254,1.48,2020-05-30
31-05-2020,31-05-2020 00:00,32500,297,19409,1410,474,64,325026,27924,33.6444310065289,1.15012254901961,1.47,2020-05-31
01-06-2020,01-06-2020 00:00,32700,200,19552,1424,471,64,326278,27958,33.9066710865452,1.1353919239905,1.13,2020-06-01
02-06-2020,02-06-2020 00:00,32895,195,19869,1436,432,58,328873,28064,33.6347184109728,1.08132875143184,0.82,2020-06-02
03-06-2020,03-06-2020 00:00,33261,366,20079,1447,428,56,331094,28093,34.9750565977225,1.13683602771363,0.88,2020-06-03
04-06-2020,04-06-2020 00:00,33592,331,20323,1455,445,58,333106,28685,35.7423516466589,1.06339904102291,0.9,2020-06-04
05-06-2020,05-06-2020 00:00,33969,377,20526,1465,421,58,334923,28088,36.6067726511569,1.05805439330544,1.15,2020-06-05
06-06-2020,06-06-2020 00:00,34351,382,20807,1474,414,57,337333,29013,37.6848707578903,1.13771186440678,1.53,2020-06-06
07-06-2020,07-06-2020 00:00,34693,342,20995,1479,398,58,338500,29312,39.5302639135602,1.11376333164043,1.35,2020-06-07
08-06-2020,08-06-2020 00:00,34885,192,21156,1485,366,55,339624,28791,39.7925039935765,1.09468937875751,1.18,2020-06-08
09-06-2020,09-06-2020 00:00,35306,421,21339,1492,394,65,342060,30176,41.7544482959203,1.19179436480475,1.05,2020-06-09
10-06-2020,10-06-2020 00:00,35600,294,21742,1497,417,70,344217,30398,41.8418616559257,1.0889199255121,0.86,2020-06-10
11-06-2020,11-06-2020 00:00,35910,310,22002,1504,415,70,345495,30615,41.9001372292626,1.05699954400365,0.85,2020-06-11
12-06-2020,12-06-2020 00:00,36180,270,22200,1505,440,73,346703,30779,41.12312958477,1.01189931350114,1,2020-06-12
13-06-2020,13-06-2020 00:00,36463,283,22438,1512,428,77,348837,30655,41.3756570692301,0.875985068436334,0.87,2020-06-13
14-06-2020,14-06-2020 00:00,36690,227,22669,1517,419,73,349997,30658,40.6957753802991,0.853783668234288,0.87,2020-06-14
15-06-2020,15-06-2020 00:00,37036,346,22852,1520,431,73,351057,30703,42.1138143314981,0.927955133735979,0.93,2020-06-15
16-06-2020,16-06-2020 00:00,37336,300,23212,1522,423,71,353178,30810,43.1336368648946,0.918136589778381,0.89,2020-06-16
17-06-2020,17-06-2020 00:00,37672,336,23580,1523,435,69,355207,30289,42.8422589982099,0.981060606060606,1.04,2020-06-17
18-06-2020,18-06-2020 00:00,38089,417,24010,1524,416,67,357291,30426,43.6775422160394,1.09113670505759,1.28,2020-06-18
19-06-2020,19-06-2020 00:00,38464,375,24477,1527,422,67,359579,29046,43.6581170249271,1.06183170618317,1.27,2020-06-19
20-06-2020,20-06-2020 00:00,38841,377,24906,1528,422,70,361848,30852,43.6095540471463,1.17142857142857,1.3,2020-06-20
21-06-2020,21-06-2020 00:00,39133,292,25376,1530,407,69,363133,30855,43.1239242693384,1.17905405405405,1.21,2020-06-21
22-06-2020,22-06-2020 00:00,39392,259,25548,1534,424,72,364305,30956,43.774668171601,1.08122992198256,0.93,2020-06-22
23-06-2020,23-06-2020 00:00,39737,345,25829,1540,441,72,366777,30248,43.036510909333,1.05122591943958,0.89,2020-06-23
24-06-2020,24-06-2020 00:00,40104,367,26083,1543,429,73,368967,30935,43.7455303849325,1.02270815811606,0.84,2020-06-24
25-06-2020,25-06-2020 00:00,40415,311,26382,1549,436,67,371024,31113,43.7552429804887,0.952108063855915,0.88,2020-06-25
26-06-2020,26-06-2020 00:00,40866,451,26633,1555,457,67,373293,31246,45.5132227761531,1.0195246179966,1.13,2020-06-26
27-06-2020,27-06-2020 00:00,41189,323,26864,1561,442,70,375490,31255,45.9017265983994,0.97792586422324,1.14,2020-06-27
28-06-2020,28-06-2020 00:00,41646,457,27066,1564,458,75,376815,31299,48.1356235763156,1.03330592105263,1.22,2020-06-28
29-06-2020,29-06-2020 00:00,41912,266,27205,1568,489,71,378073,31310,47.358615931823,1.08340498710232,1.17,2020-06-29
30-06-2020,30-06-2020 00:00,42171,259,27505,1576,491,73,380506,31414,46.9603995140206,1.01332223147377,0.89,2020-06-30
01-07-2020,01-07-2020 00:00,42523,352,27798,1579,503,79,382887,31389,47.1158010429191,1.03023850085179,0.92,2020-07-01
02-07-2020,02-07-2020 00:00,42901,378,28097,1587,510,77,385092,31274,46.737009816229,0.989255869478711,0.81,2020-07-02
03-07-2020,03-07-2020 00:00,43356,455,28424,1598,495,72,387126,31433,47.5140174607215,0.988095238095238,0.96,2020-07-03
04-07-2020,04-07-2020 00:00,43769,413,28772,1605,489,73,389169,31486,47.8636709007432,1.05998356614626,1.22,2020-07-04
05-07-2020,05-07-2020 00:00,44097,328,29017,1614,504,73,390600,31457,48.2133243407649,1.01322860686234,1.18,2020-07-05
06-07-2020,06-07-2020 00:00,44329,232,29166,1620,513,74,391851,31485,47.9510842607486,0.972244569589702,1.14,2020-07-06
07-07-2020,07-07-2020 00:00,44616,287,29445,1629,511,76,394334,33134,47.3877537184915,0.981927710843373,0.87,2020-07-07
08-07-2020,08-07-2020 00:00,45059,443,29714,1631,512,74,396721,33225,48.1259109807595,0.982945736434108,0.81,2020-07-08
09-07-2020,09-07-2020 00:00,45477,418,30049,1644,487,73,399122,34102,49.1651587052683,1.05099959200326,0.88,2020-07-09
10-07-2020,10-07-2020 00:00,45879,402,30350,1646,471,66,401496,34082,48.6892415230166,1.04385601985933,1.09,2020-07-10
11-07-2020,11-07-2020 00:00,46221,342,30655,1654,459,68,403748,34303,48.8737808385836,1.00286298568507,1.27,2020-07-11
12-07-2020,12-07-2020 00:00,46512,291,30907,1660,462,64,405110,34512,47.2614899762615,0.952287066246057,1.13,2020-07-12
13-07-2020,13-07-2020 00:00,46818,306,31065,1662,467,63,406412,34301,47.6499937985077,0.966226708074534,0.97,2020-07-13
14-07-2020,14-07-2020 00:00,47051,233,31550,1668,472,69,408951,34641,47.3974663140477,0.965120887831946,0.76,2020-07-14
15-07-2020,15-07-2020 00:00,47426,375,32110,1676,478,68,411293,35316,47.6208560118393,0.965334420880914,0.75,2020-07-15
16-07-2020,16-07-2020 00:00,47765,339,32476,1679,476,72,413498,34898,47.2420647851491,0.947412008281573,0.86,2020-07-16
17-07-2020,17-07-2020 00:00,48077,312,32790,1682,447,67,415851,35150,45.8531636206186,0.883085576536762,0.94,2020-07-17
18-07-2020,18-07-2020 00:00,48390,313,33153,1684,452,65,417996,35113,44.8819040650029,0.890759753593429,1.14,2020-07-18
19-07-2020,19-07-2020 00:00,48636,246,33369,1689,439,61,419408,35081,44.085471229398,0.897338403041825,1,2020-07-19
20-07-2020,20-07-2020 00:00,48771,135,33547,1691,454,61,420635,35073,43.1433494604508,0.853583916083916,0.8,2020-07-20
21-07-2020,21-07-2020 00:00,48898,127,33769,1697,439,62,423040,35077,41.5893341714656,0.840309372156506,0.65,2020-07-21
22-07-2020,22-07-2020 00:00,49150,252,33999,1702,439,59,425124,35040,39.7342284202395,0.79483633010604,0.57,2020-07-22
23-07-2020,23-07-2020 00:00,49379,229,34369,1705,431,59,427203,34966,37.8985478601258,0.759887005649718,0.61,2020-07-23
24-07-2020,24-07-2020 00:00,49692,313,34687,1712,420,52,429254,34870,37.0341268556278,0.826932923707117,0.92,2020-07-24
25-07-2020,25-07-2020 00:00,49955,263,35010,1716,410,50,431111,34980,36.2668318066914,0.847319978343259,1.29,2020-07-25
26-07-2020,26-07-2020 00:00,50164,209,35217,1717,403,48,432390,35157,35.4703989710865,0.88631090487239,1.33,2020-07-26
27-07-2020,27-07-2020 00:00,50299,135,35375,1719,414,45,433461,35120,33.8095451309836,0.946716232961586,1.24,2020-07-27
28-07-2020,28-07-2020 00:00,50410,111,35626,1722,402,41,435789,35335,32.6246084731324,0.936222910216718,0.78,2020-07-28
29-07-2020,29-07-2020 00:00,50613,203,35875,1725,403,43,437976,35339,30.9540420374733,0.93482428115016,0.62,2020-07-29
30-07-2020,30-07-2020 00:00,50868,255,36140,1727,403,42,440046,35741,30.1381840107561,0.974476439790576,0.69,2020-07-30
31-07-2020,31-07-2020 00:00,51072,204,36483,1735,381,41,442088,35757,29.0892236906911,0.903141361256545,0.84,2020-07-31
01-08-2020,01-08-2020 00:00,51310,238,36783,1737,375,40,443975,35661,28.3607790239793,0.896164021164021,1.25,2020-08-01
02-08-2020,02-08-2020 00:00,51463,153,36984,1738,378,41,445193,36148,27.4575076372567,0.887901572112098,1.29,2020-08-02
03-08-2020,03-08-2020 00:00,51569,106,37111,1738,390,42,446342,36481,27.1758423661281,0.852921423774345,1,2020-08-03
04-08-2020,04-08-2020 00:00,51681,112,37318,1739,401,44,448517,36946,27.0301534327858,0.921014492753623,0.79,2020-08-04
05-08-2020,05-08-2020 00:00,51848,167,37565,1740,384,41,450524,37369,26.2045828105124,0.911439114391144,0.6,2020-08-05
06-08-2020,06-08-2020 00:00,52061,213,37840,1743,369,42,452453,37783,26.0491812816139,0.918398768283295,0.7,2020-08-06
07-08-2020,07-08-2020 00:00,52351,290,38087,1746,356,36,454380,37729,25.8257915838223,1.00708661417323,1.12,2020-08-07
08-08-2020,08-08-2020 00:00,52537,186,38364,1750,357,33,456256,37579,25.0779217259982,0.965381589299764,1.41,2020-08-08
09-08-2020,09-08-2020 00:00,52668,131,38511,1756,366,33,457462,37496,24.3203392726179,0.975708502024291,1.52,2020-08-09
10-08-2020,10-08-2020 00:00,52825,157,38600,1759,374,29,458607,37810,24.5340163748534,1.05280804694049,1.28,2020-08-10
11-08-2020,11-08-2020 00:00,52945,120,38760,1761,365,35,460663,37767,24.6214297348588,0.988272087568413,0.76,2020-08-11
12-08-2020,12-08-2020 00:00,53223,278,38940,1764,367,40,462450,36377,25.3498744015706,1.12061939690302,0.8,2020-08-12
13-08-2020,13-08-2020 00:00,53548,325,39177,1770,358,39,464365,36530,26.0297560905016,1.23402489626556,1.07,2020-08-13
14-08-2020,14-08-2020 00:00,53783,235,39374,1772,348,41,466096,36345,26.3308465527425,1.14012738853503,1.25,2020-08-14
15-08-2020,15-08-2020 00:00,53981,198,39585,1775,320,37,467868,36268,25.9423427304962,1.14240506329114,1.74,2020-08-15
16-08-2020,16-08-2020 00:00,54102,121,39697,1778,325,39,468937,35742,25.6315396726991,1.04290909090909,1.28,2020-08-16
17-08-2020,17-08-2020 00:00,54234,132,39800,1779,336,39,,35568,25.8840671571592,0.947545393409549,0.78,2020-08-17
18-08-2020,18-08-2020 00:00,54448,214,39936,1784,336,38,,35107,26.8747519038873,1.04958100558659,0.69,2020-08-18
19-08-2020,19-08-2020 00:00,54701,253,40129,1786,329,35,,34772,27.7100351217168,1.02354570637119,0.69,2020-08-19
20-08-2020,20-08-2020 00:00,54992,291,40264,1788,334,39,,34422,28.4676175750971,1.00697350069735,1.01,2020-08-20
21-08-2020,21-08-2020 00:00,55211,219,40473,1792,321,41,,34233,27.7780232906099,1.01348474095103,1.42,2020-08-21
22-08-2020,22-08-2020 00:00,55452,241,40652,1794,316,42,,34182,28.3122160461986,0.978709248170326,1.51,2020-08-22
23-08-2020,23-08-2020 00:00,55597,145,40774,1796,317,47,,34413,28.4481923839848,1.01150202976996,1.24,2020-08-23
24-08-2020,24-08-2020 00:00,55720,123,40880,1801,321,44,,34388,28.1179641350754,1.02908587257618,0.82,2020-08-24
25-08-2020,25-08-2020 00:00,55912,192,41021,1805,325,41,,33821,28.8172710151187,1.02521008403361,0.72,2020-08-25
26-08-2020,26-08-2020 00:00,56274,362,41184,1807,311,38,,33782,29.6331290418359,1.0693405846363,0.82,2020-08-26
27-08-2020,27-08-2020 00:00,56671,397,41357,1809,317,35,,33866,30.3324359218793,1.12307692307692,1.2,2020-08-27
28-08-2020,28-08-2020 00:00,57074,403,41556,1815,334,38,,33930,31.9641519753137,1.25370121130552,1.86,2020-08-28
29-08-2020,29-08-2020 00:00,57448,374,41766,1818,324,40,,33965,33.6735687931974,1.36338797814208,2.19,2020-08-29
30-08-2020,30-08-2020 00:00,57768,320,41885,1819,341,41,,34258,35.6063753088727,1.3801652892562,1.82,2020-08-30
31-08-2020,31-08-2020 00:00,58012,244,41961,1822,349,41,,34196,36.6941860111623,1.36509827278142,1.25,2020-08-31
01-09-2020,01-09-2020 00:00,58243,231,42104,1824,350,44,,33998,36.859300135617,1.2512077294686,0.86,2020-09-01
02-09-2020,02-09-2020 00:00,58633,390,42233,1827,337,41,,33914,38.1899257268105,1.18186372745491,0.77,2020-09-02
03-09-2020,03-09-2020 00:00,59051,418,42427,1829,334,44,,34197,39.4234253624425,1.09626900046062,0.86,2020-09-03
04-09-2020,04-09-2020 00:00,59457,406,42576,1833,339,40,,34266,41.2396807314439,1.03970331588133,1.08,2020-09-04
05-09-2020,05-09-2020 00:00,59943,486,42793,1838,345,41,,34201,43.6192666427025,1.07035607035607,1.45,2020-09-05
06-09-2020,06-09-2020 00:00,60258,315,42953,1840,354,43,,34240,45.2704078872492,1.0555320050869,1.37,2020-09-06
07-09-2020,07-09-2020 00:00,60507,249,43016,1843,381,49,,34336,46.494194927325,1.04831932773109,1.13,2020-09-07
08-09-2020,08-09-2020 00:00,60895,388,43146,1846,394,50,,34466,48.3978636563319,1.11288292068821,1,2020-09-08
09-09-2020,09-09-2020 00:00,61541,646,43284,1849,391,52,,35151,51.1562407942805,1.16553106212425,0.94,2020-09-09
10-09-2020,10-09-2020 00:00,62126,585,43441,1852,406,57,,35181,52.9822087588381,1.23493975903614,1.15,2020-09-10
11-09-2020,11-09-2020 00:00,62813,687,43644,1855,404,54,,35712,55.7405858967868,1.34509018036072,1.58,2020-09-11
12-09-2020,12-09-2020 00:00,63310,497,43894,1860,438,59,,36055,56.9352351501941,1.26960784313725,1.68,2020-09-12
13-09-2020,13-09-2020 00:00,63983,673,44069,1867,452,57,,36398,60.3637813815177,1.28094910591472,1.53,2020-09-13
14-09-2020,14-09-2020 00:00,64596,613,44185,1871,477,61,,36758,63.9477291417397,1.32975609756098,1.32,2020-09-14
15-09-2020,15-09-2020 00:00,65021,425,44362,1875,478,59,,36955,65.8319726796342,1.22943980929678,0.96,2020-09-15
16-09-2020,16-09-2020 00:00,65626,605,44528,1878,482,61,,37287,67.920180724208,1.21324621324621,0.96,2020-09-16
17-09-2020,17-09-2020 00:00,66396,770,44794,1888,480,59,,37804,71.3390143599754,1.14630872483221,0.99,2020-09-17
18-09-2020,18-09-2020 00:00,67176,780,45053,1894,465,57,,38721,74.9715250979783,1.06700904866716,1.04,2020-09-18
19-09-2020,19-09-2020 00:00,68025,849,45404,1899,497,64,,39388,78.4971972848633,1.14275327193408,1.36,2020-09-19
20-09-2020,20-09-2020 00:00,68577,552,45596,1912,511,63,,39362,80.7990824316726,1.12460220318237,1.27,2020-09-20
21-09-2020,21-09-2020 00:00,69200,623,45736,1920,518,61,,40465,84.4315931696755,1.07822014051522,1.16,2020-09-21
22-09-2020,22-09-2020 00:00,69663,463,45974,1925,546,70,,40418,85.1600378363873,1.06394682557873,0.96,2020-09-22
23-09-2020,23-09-2020 00:00,70465,802,46290,1928,571,77,,40765,86.6752027431478,1.02629904559915,0.81,2020-09-23
24-09-2020,24-09-2020 00:00,71156,691,46676,1931,588,85,,41696,87.7047378721005,1.03613408794079,0.87,2020-09-24
25-09-2020,25-09-2020 00:00,72055,899,47003,1936,624,86,,42785,89.7638081300058,1.05973066898349,1.02,2020-09-25
26-09-2020,26-09-2020 00:00,72939,884,47380,1944,615,85,,43583,93.5225826102387,1.05859543300302,1.32,2020-09-26
27-09-2020,27-09-2020 00:00,73604,665,47647,1953,635,89,,44274,93.4448818457894,1.0388510022732,1.29,2020-09-27
28-09-2020,28-09-2020 00:00,74029,425,47884,1957,659,98,,44171,91.6189138812319,1.01449579831933,1.11,2020-09-28
29-09-2020,29-09-2020 00:00,74717,688,48193,1963,661,99,,44231,94.1733265125012,1.03586800573888,0.93,2020-09-29
30-09-2020,30-09-2020 00:00,75542,825,48530,1971,666,105,,44758,96.3100975348559,1.03317053317053,0.79,2020-09-30
01-10-2020,01-10-2020 00:00,76396,854,48937,1977,682,107,,45184,97.125955561573,1.04237119554406,0.89,2020-10-01
02-10-2020,02-10-2020 00:00,77284,888,49359,1983,682,107,,45613,98.174915881638,1.08283288465521,1.13,2020-10-02
03-10-2020,03-10-2020 00:00,78247,963,49845,1995,668,106,,46228,99.28215177504,1.05025722200237,1.33,2020-10-03
04-10-2020,04-10-2020 00:00,79151,904,50207,2005,682,105,,46348,102.700985410807,1.09257435493402,1.39,2020-10-04
05-10-2020,05-10-2020 00:00,79885,734,50454,2018,701,106,,46272,103.779083517541,1.1175572519084,1.25,2020-10-05
06-10-2020,06-10-2020 00:00,80312,427,50712,2032,732,104,,46437,103.429430077519,1.06999426276535,0.93,2020-10-06
07-10-2020,07-10-2020 00:00,81256,944,51037,2040,764,104,,46023,104.808618646493,1.07648831951771,0.85,2020-10-07
08-10-2020,08-10-2020 00:00,82534,1278,51517,2050,801,115,,46182,110.509912237958,1.10654407787994,0.94,2020-10-08
09-10-2020,09-10-2020 00:00,83928,1394,52164,2062,811,125,,47721,115.317647038256,1.13456284153005,1.16,2020-10-09
10-10-2020,10-10-2020 00:00,85574,1646,52803,2067,831,122,,47602,122.718644852048,1.30956210902592,1.74,2020-10-10
11-10-2020,11-10-2020 00:00,86664,1090,53187,2080,843,124,,48413,126.846497963414,1.3148407420371,1.8,2020-10-11
12-10-2020,12-10-2020 00:00,87913,1249,53498,2094,877,128,,48844,134.849676701688,1.30791788856305,1.59,2020-10-12
13-10-2020,13-10-2020 00:00,89121,1208,54047,2110,916,132,,50291,139.90022639089,1.32585791691752,1.28,2020-10-13
14-10-2020,14-10-2020 00:00,91193,2072,54493,2117,957,135,,50544,152.011833049418,1.35621673263273,1.07,2020-10-14
15-10-2020,15-10-2020 00:00,93294,2101,55081,2128,993,139,,51601,164.123439707946,1.43218421402902,1.23,2020-10-15
16-10-2020,16-10-2020 00:00,95902,2608,56066,2149,1015,144,,51784,180.829104064537,1.49152964623817,1.49,2020-10-16
17-10-2020,17-10-2020 00:00,98055,2153,57919,2162,1012,148,,52543,192.387092776364,1.41684640708366,1.72,2020-10-17
18-10-2020,18-10-2020 00:00,99911,1856,59000,2181,1086,155,,54851,201.633483745826,1.33309852068029,1.55,2020-10-18
19-10-2020,19-10-2020 00:00,101860,1949,59966,2198,1174,165,,55425,213.434287346557,1.29618959107807,1.29,2020-10-19
20-10-2020,20-10-2020 00:00,103736,1876,61898,2213,1237,176,,56126,227.507838307429,1.22056121596793,0.98,2020-10-20
21-10-2020,21-10-2020 00:00,106271,2535,63238,2229,1272,187,,55882,242.960577837275,1.20807627593943,0.92,2020-10-21
22-10-2020,22-10-2020 00:00,109541,3270,64531,2245,1365,200,,55809,262.30806818514,1.22646636974409,1.1,2020-10-22
23-10-2020,23-10-2020 00:00,112440,2899,65880,2276,1418,198,,57455,276.925524497157,1.18577471857747,1.24,2020-10-23
24-10-2020,24-10-2020 00:00,116109,3669,67842,2297,1455,221,,57024,296.574105307263,1.23530619226822,1.58,2020-10-24
25-10-2020,25-10-2020 00:00,118686,2577,68877,2316,1574,230,,58749,311.016734899269,1.24519166998276,1.51,2020-10-25
26-10-2020,26-10-2020 00:00,121133,2447,69956,2343,1672,240,,59631,322.652424375546,1.18624976918816,1.2,2020-10-26
27-10-2020,27-10-2020 00:00,124432,3299,72344,2371,1747,253,,60063,342.961461683471,1.25142096988753,1.13,2020-10-27
28-10-2020,28-10-2020 00:00,128392,3960,74001,2395,1794,262,,62457,361.298842093496,1.22526863852886,0.99,2020-10-28
29-10-2020,29-10-2020 00:00,132616,4224,75702,2428,1834,269,,64426,381.918682459218,1.22902796271638,1.12,2020-10-29
30-10-2020,30-10-2020 00:00,137272,4656,77449,2468,1927,275,,65305,401.810078158228,1.28843459762362,1.39,2020-10-30
31-10-2020,31-10-2020 00:00,141279,4007,80280,2507,1972,286,,64514,419.817230319343,1.21617703904136,1.4,2020-10-31
01-11-2020,01-11-2020 00:00,144341,3062,81771,2544,2122,284,,64805,431.530620560069,1.15975769630668,1.3,2020-11-01
02-11-2020,02-11-2020 00:00,146847,2506,83294,2590,2255,294,,66428,436.940536284849,1.1143661971831,1.02,2020-11-02
03-11-2020,03-11-2020 00:00,149443,2596,86589,2635,2349,320,,65647,443.933605085282,1.00720844072165,0.75,2020-11-03
04-11-2020,04-11-2020 00:00,156940,7497,88946,2694,2337,325,,65566,492.127504234935,1.1342073897497,0.93,2020-11-04
05-11-2020,05-11-2020 00:00,161350,4410,91453,2740,2362,320,,67442,503.199863168954,1.12001559150263,1.07,2020-11-05
06-11-2020,06-11-2020 00:00,166900,5550,93754,2792,2425,340,,79689,528.947953988327,1.15221280236447,1.41,2020-11-06
07-11-2020,07-11-2020 00:00,173540,6640,97747,2848,2420,366,,91350,557.80407538567,1.28987245611931,1.98,2020-11-07
08-11-2020,08-11-2020 00:00,179324,5784,99781,2896,2522,378,,90506,588.952369334267,1.22540983606557,1.43,2020-11-08
09-11-2020,09-11-2020 00:00,183420,4096,102083,2959,2651,391,,90088,604.96843940637,1.27281269576112,1.3,2020-11-09
10-11-2020,10-11-2020 00:00,187237,3817,106878,3021,2742,382,,90063,609.99956390446,1.27561765897124,1.01,2020-11-10
11-11-2020,11-11-2020 00:00,192172,4935,110353,3103,2785,391,,89107,619.469344571713,1.09209261957162,0.77,2020-11-11
12-11-2020,12-11-2020 00:00,198011,5839,113689,3181,2794,383,,89675,635.155186394907,1.04796615498957,0.83,2020-11-12
13-11-2020,13-11-2020 00:00,204664,6653,117382,3250,2799,388,,90425,654.551239720553,1.03256500697236,0.96,2020-11-13
14-11-2020,14-11-2020 00:00,211266,6602,122517,3305,2798,413,,91936,679.755425188781,0.998200772609409,1.18,2020-11-14
15-11-2020,15-11-2020 00:00,217301,6035,125066,3381,2929,415,,94604,708.630971777237,1.0779121253406,1.35,2020-11-15
16-11-2020,16-11-2020 00:00,225672,8371,142155,3472,3040,426,,95354,765.5953447141,1.1525053871962,1.48,2020-11-16
17-11-2020,17-11-2020 00:00,230124,4452,149445,3553,3028,431,,80817,783.621922066328,1.13565829890901,1.2,2020-11-17
18-11-2020,18-11-2020 00:00,236015,5891,153702,3632,3051,432,,79627,768.023493603139,1.16214281927583,1.03,2020-11-18
19-11-2020,19-11-2020 00:00,243009,6994,157924,3701,3017,458,,80097,793.120840520249,1.18487505595492,1.02,2020-11-19
20-11-2020,20-11-2020 00:00,249498,6489,163000,3762,3079,481,,80409,802.240967747481,1.06110953327653,0.86,2020-11-20
21-11-2020,21-11-2020 00:00,255970,6472,169379,3824,3025,485,,80521,800.609251694047,1.04236715088488,1.02,2020-11-21
22-11-2020,22-11-2020 00:00,260758,4788,172919,3897,3151,491,,81667,790.935506520114,0.991195857947677,1,2020-11-22
23-11-2020,23-11-2020 00:00,264802,4044,176827,3971,3241,498,,82025,790.430451551194,0.869594204186853,0.85,2020-11-23
24-11-2020,24-11-2020 00:00,268721,3919,184233,4056,3275,506,,82160,791.421136297922,0.860886826961681,0.81,2020-11-24
25-11-2020,25-11-2020 00:00,274011,5290,189356,4127,3251,517,,81946,794.869107720358,0.849946313528991,0.7,2020-11-25
26-11-2020,26-11-2020 00:00,280394,6383,193944,4209,3192,516,,81367,800.152759702907,0.86027567480498,0.79,2020-11-26
27-11-2020,27-11-2020 00:00,285838,5444,199446,4276,3208,526,,80713,788.410231675513,0.928699207768975,0.97,2020-11-27
28-11-2020,28-11-2020 00:00,290706,4868,206275,4363,3155,529,,80485,771.568590981136,0.8999663186258,1.14,2020-11-28
29-11-2020,29-11-2020 00:00,294799,4093,209534,4427,3245,536,,80288,752.706730411079,0.895910095799558,1.15,2020-11-29
30-11-2020,30-11-2020 00:00,298061,3262,212942,4505,3342,525,,81477,703.085079714671,0.889634880299585,0.9,2020-11-30
01-12-2020,01-12-2020 00:00,300462,2401,220877,4577,3275,521,,79963,683.164546228993,0.873445239405614,0.7,2020-12-01
02-12-2020,02-12-2020 00:00,303846,3384,223446,4645,3338,525,,78815,658.815069169706,0.858907185628743,0.6,2020-12-02
03-12-2020,03-12-2020 00:00,307618,3772,229018,4724,3330,525,,77988,627.521086287767,0.799741488205399,0.62,2020-12-03
04-12-2020,04-12-2020 00:00,312553,4935,234038,4803,3295,526,,77643,612.427712793499,0.803241227938302,0.82,2020-12-04
05-12-2020,05-12-2020 00:00,318640,6087,240203,4876,3229,517,,77197,608.688363504378,0.8800604895876,1.24,2020-12-05
06-12-2020,06-12-2020 00:00,322474,3834,243055,4963,3268,514,,77420,599.422547343804,0.927601809954751,1.42,2020-12-06
07-12-2020,07-12-2020 00:00,325071,2597,245843,5041,3367,513,,77498,585.368421574045,0.992139288862768,1.36,2020-12-07
08-12-2020,08-12-2020 00:00,327976,2905,252428,5122,3263,499,,77765,575.519849680101,1.02990829122216,1.06,2020-12-08
09-12-2020,09-12-2020 00:00,332073,4097,254700,5192,3332,504,,76405,563.932723181605,1.01048900980884,0.74,2020-12-09
10-12-2020,10-12-2020 00:00,335207,3134,259548,5278,3304,509,,75633,532.37650021965,0.996892502258356,0.68,2020-12-10
11-12-2020,11-12-2020 00:00,340287,5080,263648,5373,3230,507,,74894,528.841115437209,1.02680488707886,0.87,2020-12-11
12-12-2020,12-12-2020 00:00,344700,4413,268453,5461,3093,503,,73977,524.421884459158,0.947154176055826,1.08,2020-12-12
13-12-2020,13-12-2020 00:00,348744,4044,271322,5559,3157,513,,74012,523.945967276906,0.930669217415949,1.24,2020-12-13
14-12-2020,14-12-2020 00:00,350938,2194,274277,5649,3254,513,,76723,513.57291522293,0.937583819638262,1.24,2020-12-14
15-12-2020,15-12-2020 00:00,353576,2638,280038,5733,3206,506,,74572,515.874800369739,0.923054734261196,0.87,2020-12-15
16-12-2020,16-12-2020 00:00,358296,4720,283719,5815,3181,486,,74290,528.850828032765,1.00625479662318,0.81,2020-12-16
17-12-2020,17-12-2020 00:00,362616,4320,287028,5902,3142,494,,76451,534.17333039754,1.04335744194899,0.83,2020-12-17
18-12-2020,18-12-2020 00:00,366952,4336,290690,5977,3061,484,,77432,528.355485659401,1.03085011791085,1.02,2020-12-18
19-12-2020,19-12-2020 00:00,370787,3835,294814,6063,2973,485,,79503,506.482720466935,1.0190234375,1.3,2020-12-19
20-12-2020,20-12-2020 00:00,374121,3334,297233,6134,3027,483,,82591,501.626422688856,0.967738245052054,1.16,2020-12-20
21-12-2020,21-12-2020 00:00,376220,2099,299603,6191,3158,502,,85149,496.78955010189,0.922397752563027,0.98,2020-12-21
22-12-2020,22-12-2020 00:00,378656,2436,304825,6254,3095,508,,86334,492.234342786052,0.940558784924058,0.73,2020-12-22
23-12-2020,23-12-2020 00:00,383258,4602,308446,6343,2990,511,,87043,497.139203541912,0.95687507187488,0.72,2020-12-23
24-12-2020,24-12-2020 00:00,387636,4378,312533,6413,2853,505,,88978,509.221672413771,0.985932143279347,0.85,2020-12-24
25-12-2020,25-12-2020 00:00,391782,4146,315126,6478,2754,504,,90093,500.15010816432,0.982121667589589,1.14,2020-12-25
26-12-2020,26-12-2020 00:00,392996,1214,316671,6556,2790,513,,90318,469.079514980173,0.885526315789474,1.23,2020-12-26
27-12-2020,27-12-2020 00:00,394573,1577,319746,6619,2870,504,,92069,445.118541743133,0.819325374569345,0.91,2020-12-27
28-12-2020,28-12-2020 00:00,396666,2093,321682,6677,2967,503,,93136,444.137569591961,0.817186250999201,0.67,2020-12-28
29-12-2020,29-12-2020 00:00,400002,3336,327794,6751,2930,486,,91141,450.916961290159,0.859685863874346,0.53,2020-12-29
30-12-2020,30-12-2020 00:00,406051,6049,331016,6830,2896,487,,91090,463.825000784292,1.02629564590932,0.91,2020-12-30
31-12-2020,31-12-2020 00:00,413678,7627,334276,6906,2840,482,,88534,495.944554288504,1.27332290240563,1.69,2020-12-31
01-01-2021,01-01-2021 00:00,420629,6951,338668,6972,2806,483,,91527,521.342991667856,1.4108872151032,2.65,2020-01-01
02-01-2021,02-01-2021 00:00,423870,3241,340150,7045,2858,492,,91892,515.573709907498,1.44635997376558,2.9,2020-01-02
03-01-2021,03-01-2021 00:00,427254,3384,342535,7118,3044,500,,94394,516.059339685306,1.43381740007897,1.62,2020-01-03
04-01-2021,04-01-2021 00:00,431623,4369,344419,7196,3171,510,,94749,538.106931597783,1.34233161815529,0.94,2020-01-04
05-01-2021,05-01-2021 00:00,436579,4956,349110,7286,3260,512,,96577,562.5826723993,1.26796547301279,0.67,2020-01-05
06-01-2021,06-01-2021 00:00,446606,10027,352225,7377,3293,513,,100103,615.273503291453,1.31356481181577,0.95,2020-01-06
07-01-2021,07-01-2021 00:00,456533,9927,355701,7472,3333,514,,103771,669.16869603257,1.311312383342,1.38,2020-01-07
08-01-2021,08-01-2021 00:00,466709,10176,360181,7590,3451,536,,109161,727.735647236199,1.31819092027348,1.96,2020-01-08
09-01-2021,09-01-2021 00:00,476187,9478,366080,7701,3555,540,,113526,808.000536912283,1.43032506766547,2.48,2020-01-09
10-01-2021,10-01-2021 00:00,483689,7502,369108,7803,3770,558,,117210,865.547665582514,1.39156700776723,1.63,2020-01-10
11-01-2021,11-01-2021 00:00,489293,5604,372056,7925,3983,567,,120292,899.648588580183,1.34570061836425,1.12,2020-01-11
12-01-2021,12-01-2021 00:00,496552,7259,378084,8080,4043,599,,125296,937.751100946988,1.30149739583333,0.85,2020-01-12
13-01-2021,13-01-2021 00:00,507108,10556,382544,8236,4240,596,,130887,981.525769118589,1.15645010226122,0.78,2020-01-13
14-01-2021,14-01-2021 00:00,517806,10698,387607,8384,4368,611,,138992,1011.35315007155,1.08572694250022,0.92,2020-01-14
15-01-2021,15-01-2021 00:00,528469,10663,394065,8543,4560,622,,142740,1047.406304776,1.07092075602566,1.2,2020-01-15
16-01-2021,16-01-2021 00:00,539416,10947,402542,8709,4653,638,,155401,1122.25156613175,1.05429109766061,1.44,2020-01-16
17-01-2021,17-01-2021 00:00,549801,10385,406929,8861,4889,647,,161120,1190.24944762041,1.09272420746422,1.38,2020-01-17
18-01-2021,18-01-2021 00:00,556503,6702,411589,9028,5165,664,,166235,1212.90893305292,1.09689422747377,1.13,2020-01-18
19-01-2021,19-01-2021 00:00,566958,10455,421871,9246,5291,670,,174355,1266.31849601623,1.13999352331606,0.98,2020-01-19
20-01-2021,20-01-2021 00:00,581605,14647,428364,9465,5493,681,,184034,1311.19068748568,1.1782093659555,0.98,2020-01-20
21-01-2021,21-01-2021 00:00,595149,13544,434237,9686,5630,702,,192900,1346.3211456123,1.16987838818974,1.06,2020-01-21
22-01-2021,22-01-2021 00:00,609136,13987,441556,9920,5779,715,,200730,1383.33584727682,1.20022318107425,1.36,2020-01-22
23-01-2021,23-01-2021 00:00,624469,15333,451324,10194,5922,720,,206232,1440.20309425812,1.20803624691077,1.49,2020-01-23
24-01-2021,24-01-2021 00:00,636190,11721,456491,10469,6117,742,,210664,1481.18053490955,1.15963058915124,1.29,2020-01-24
25-01-2021,25-01-2021 00:00,643113,6923,461757,10721,6420,767,,212711,1493.99144844812,1.11981691943679,1.06,2020-01-25
26-01-2021,26-01-2021 00:00,653878,10765,475485,11012,6472,765,,215770,1528.043808468,1.07751620861071,0.85,2020-01-26
27-01-2021,27-01-2021 00:00,668951,15073,484753,11305,6603,783,,220256,1571.91560259517,1.02695966044702,0.77,2020-01-27
28-01-2021,28-01-2021 00:00,685383,16432,493699,11608,6565,782,,223150,1627.60762551417,1.04450798134022,0.9,2020-01-28
29-01-2021,29-01-2021 00:00,698583,13200,504886,11886,6627,806,,225507,1652.24848044014,1.03275603279067,1.16,2020-01-29
30-01-2021,30-01-2021 00:00,711018,12435,518900,12179,6544,843,,225365,1666.70082262771,0.995731707317073,1.28,2020-01-30
31-01-2021,31-01-2021 00:00,720516,9498,526411,12482,6694,858,,223991,1658.08575036939,0.96542486204291,1.16,2020-01-31
01-02-2021,01-02-2021 00:00,726321,5805,534384,12757,6869,865,,220353,1649.37355215552,0.922135780304542,0.83,2020-02-01
02-02-2021,02-02-2021 00:00,731861,5540,551956,13017,6775,852,,215536,1601.63614499701,0.871834717765828,0.6,2020-02-02
03-02-2021,03-02-2021 00:00,740944,9083,563174,13257,6684,877,,209261,1547.59526332255,0.831817814186184,0.52,2020-02-03
04-02-2021,04-02-2021 00:00,748858,7914,573934,13482,6496,863,,204336,1492.91335034138,0.752733439271399,0.55,2020-02-04
05-02-2021,05-02-2021 00:00,755774,6916,585276,13740,6412,904,,198263,1424.23558716379,0.687325737909816,0.72,2020-02-05
06-02-2021,06-02-2021 00:00,761906,6132,599593,13954,6158,891,,192673,1334.86999545159,0.652552479386533,0.9,2020-02-06
07-02-2021,07-02-2021 00:00,765414,3508,606166,14158,6248,865,,187440,1255.10044814887,0.623643965385524,0.82,2020-02-07
08-02-2021,08-02-2021 00:00,767919,2505,612921,14354,6344,877,,180905,1212.19020098177,0.655344623867665,0.67,2020-02-08
09-02-2021,09-02-2021 00:00,770502,2583,628078,14557,6070,862,,171554,1132.72174414129,0.675648266335612,0.5,2020-02-09
10-02-2021,10-02-2021 00:00,774889,4387,636859,14718,5829,853,,162566,1028.93294802819,0.667053136299324,0.43,2020-02-10
11-02-2021,11-02-2021 00:00,778369,3480,645122,14885,5570,836,,155298,903.135410384843,0.657289857009221,0.53,2020-02-11
12-02-2021,12-02-2021 00:00,781223,2854,652739,15034,5230,846,,149651,802.64889676084,0.611784220395211,0.7,2020-02-12
13-02-2021,13-02-2021 00:00,784079,2856,661525,15183,4850,803,,143173,709.611943928409,0.57382055329831,0.92,2020-02-13
14-02-2021,14-02-2021 00:00,785756,1677,665316,15321,4826,795,,139402,633.649734083703,0.599263514508764,0.84,2020-02-14
15-02-2021,15-02-2021 00:00,787059,1303,668854,15411,4832,784,,131521,589.923628889882,0.648571719020026,0.67,2020-02-15
16-02-2021,16-02-2021 00:00,788561,1502,677719,15522,4482,752,,123180,550.704168034119,0.709615309049472,0.55,2020-02-16
17-02-2021,17-02-2021 00:00,790885,2324,683061,15649,4137,719,,114681,485.056734670052,0.721417940738736,0.5,2020-02-17
18-02-2021,18-02-2021 00:00,792829,1944,687462,15754,3819,688,,107553,427.072539199793,0.710844558057222,0.65,2020-02-18
19-02-2021,19-02-2021 00:00,794769,1940,691866,15821,3584,669,,100282,378.742663712354,0.70773249738767,0.89,2020-02-19
20-02-2021,20-02-2021 00:00,796339,1570,696916,15897,3284,656,,92314,334.433802785164,0.678885874079406,1.06,2020-02-20
21-02-2021,21-02-2021 00:00,797525,1186,699222,15962,3316,638,,86401,311.881155903767,0.735746436609152,0.98,2020-02-21
22-02-2021,22-02-2021 00:00,798074,549,701409,16023,3322,627,,79699,292.883318995924,0.761756569847856,0.74,2020-02-22
23-02-2021,23-02-2021 00:00,799106,1032,705976,16086,3012,597,,70767,277.819083288324,0.778458585560313,0.56,2020-02-23
24-02-2021,24-02-2021 00:00,800586,1480,709054,16136,2767,567,,63402,249.584568006574,0.791272430668842,0.55,2020-02-24
25-02-2021,25-02-2021 00:00,801746,1160,711713,16185,2613,536,,57694,227.051346316289,0.757668451015379,0.64,2020-02-25
26-02-2021,26-02-2021 00:00,802773,1027,714493,16243,2404,522,,53166,209.30643423519,0.726645483431684,0.9,2020-02-26
27-02-2021,27-02-2021 00:00,803844,1071,717313,16276,2180,492,,48490,191.969451167449,0.711711711711712,1.09,2020-02-27
28-02-2021,28-02-2021 00:00,804562,718,718977,16317,2165,484,,45414,182.655072029094,0.725389135140707,0.94,2020-02-28
01-03-2021,01-03-2021 00:00,804956,394,720235,16351,2167,469,,41227,173.826322668547,0.771784232365145,0.76,2020-03-01
02-03-2021,02-03-2021 00:00,805647,691,723465,16389,1997,446,,36859,165.949407672504,0.817216391804098,0.61,2020-03-02
03-03-2021,03-03-2021 00:00,806626,979,725399,16430,1827,415,,33491,152.885966649472,0.804796802131912,0.59,2020-03-03
04-03-2021,04-03-2021 00:00,807456,830,727053,16458,1708,399,,31041,142.066135199913,0.811425323291175,0.73,2020-03-04
05-03-2021,05-03-2021 00:00,808405,949,728659,16486,1583,383,,28881,132.440953003761,0.818366753850625,1.07,2020-03-05
06-03-2021,06-03-2021 00:00,809412,1007,730601,16512,1416,363,,26704,126.972761705644,0.851245986852163,1.31,2020-03-06
07-03-2021,07-03-2021 00:00,810094,682,731567,16540,1414,354,,25513,122.077613545341,0.915894039735099,1.25,2020-03-07
08-03-2021,08-03-2021 00:00,810459,365,732346,16565,1403,342,,23881,120.290495963008,0.963747810858144,1.04,2020-03-08
09-03-2021,09-03-2021 00:00,811306,847,734218,16595,1278,312,,22096,118.493665785119,1.00479403409091,0.84,2020-03-09
10-03-2021,10-03-2021 00:00,811948,642,738179,16617,1201,283,,21175,110.354510709059,0.955818965517241,0.67,2020-03-10
11-03-2021,11-03-2021 00:00,812575,627,744196,16635,1102,273,,18951,105.177697277627,0.925343456254519,0.72,2020-03-11
12-03-2021,12-03-2021 00:00,813152,577,749770,16650,1046,266,,18038,100.807029277357,0.862620388878793,0.9,2020-03-12
13-03-2021,13-03-2021 00:00,813716,564,756259,16669,980,253,,17215,95.8827433303849,0.760558402544619,0.83,2020-03-13
14-03-2021,14-03-2021 00:00,814257,541,759417,16684,976,242,,16715,94.1636139169451,0.782224727546035,0.91,2020-03-14
15-03-2021,15-03-2021 00:00,814513,256,761788,16694,996,231,,16685,92.8232757301954,0.791951553037703,0.78,2020-03-15
16-03-2021,16-03-2021 00:00,814897,384,762961,16707,955,213,,15774,89.8415088944551,0.756477775437118,0.65,2020-03-16
17-03-2021,17-03-2021 00:00,815570,673,764019,16722,856,205,,15183,86.8694546542709,0.841542750929368,0.77,2020-03-17
18-03-2021,18-03-2021 00:00,816055,485,764599,16743,828,187,,15268,83.5186091873967,0.835935623348547,0.78,2020-03-18
19-03-2021,19-03-2021 00:00,816623,568,766170,16754,789,182,,14915,79.8181102805007,0.856191415885545,1.09,2020-03-19
20-03-2021,20-03-2021 00:00,817080,457,766924,16762,744,170,,14734,74.4761827246142,0.936786410470621,1.25,2020-03-20
21-03-2021,21-03-2021 00:00,817530,450,767319,16768,765,170,,14986,72.2228605555857,0.903644395361679,1.06,2020-03-21
22-03-2021,22-03-2021 00:00,817778,248,767874,16784,771,165,,15080,71.0864868755153,0.938218390804598,0.96,2020-03-22
